{
  "build": "release",
  "mode": "zip",
  "selectedAddons": [
    "joml"
  ],
  "platform": [
    "linux",
    "linux-arm64",
    "linux-arm32",
    "macos",
    "macos-arm64",
    "windows",
    "windows-x86",
    "windows-arm64"
  ],
  "descriptions": false,
  "compact": false,
  "hardcoded": false,
  "javadoc": true,
  "includeJSON": true,
  "source": true,
  "osgi": false,
  "language": "groovy",
  "contents": [
    "lwjgl",
    "lwjgl-glfw",
    "lwjgl-opengl",
    "lwjgl-opengles",
    "lwjgl-jemalloc"
  ],
  "version": "3.3.0",
  "versionLatest": "3.3.0"
}